<?xml version="1.0" encoding="utf-8"?>
<odoo>
    <data noupdate="1">
         <record id="seq_cash_request" model="ir.sequence">
            <field name="name">CR Sequence</field>
            <field name="code">cashrequest.sequence</field>
            <field name="prefix">CR%/(month)s</field>
            <field eval="1" name="number_next"/>
            <field eval="1" name="number_increment"/>
            <field eval="True" name="use_date_range"/>
            <field name="padding">4</field>
            <field name="company_id" eval="False"/>
        </record>

    </data>
</odoo>