<?xml version="1.0" encoding="utf-8"?>
<odoo>
    <data noupdate="1">

        <!-- Sequences for imprest.reports -->
        <record id="seq_imprest_reports" model="ir.sequence">
            <field name="name">IR Sequence</field>
            <field name="code">imprest.sequence</field>
            <field name="prefix">IR%/(month)s</field>
            <field eval="1" name="number_next"/>
            <field eval="1" name="number_increment"/>
            <field eval="True" name="use_date_range"/>
            <field name="padding">4</field>
            <field name="company_id" eval="False"/>
        </record>

    </data>
</odoo>