<?xml version="1.0" encoding="utf-8"?>
<odoo>
    <data noupdate="1">

        <!-- Sequences for sale.order -->
        <record id="seq_material_request" model="ir.sequence">
            <field name="name">MR Sequence</field>
            <field name="code">internal.sequence</field>
            <field name="prefix">MR/%(y)s/%(month)s/</field>
            <field eval="1" name="number_next"/>
            <field eval="1" name="number_increment"/>
            <field eval="True" name="use_date_range"/>
            <field name="padding">3</field>
            <field name="company_id" eval="False"/>
        </record>

        <record id="vessa_seq_material_request" model="ir.sequence">
            <field name="name">VA Sequence</field>
            <field name="code">vessela.sequence</field>
            <field name="prefix">Vessel A/%(y)s/</field>
            <field eval="1" name="number_next"/>
            <field eval="1" name="number_increment"/>
            <field eval="True" name="use_date_range"/>
            <field name="padding">3</field>
            <field name="company_id" eval="False"/>
        </record>


        <record id="vessb_seq_material_request" model="ir.sequence">
            <field name="name">VB Sequence</field>
            <field name="code">vesselb.sequence</field>
            <field name="prefix">Vessel B/%(y)s/</field>
            <field eval="1" name="number_next"/>
            <field eval="1" name="number_increment"/>
            <field eval="True" name="use_date_range"/>
            <field name="padding">3</field>
            <field name="company_id" eval="False"/>
        </record>

    </data>
</odoo>