<?xml version="1.0" encoding="utf-8"?>
<odoo>
    <data noupdate="1">
        <record id="md_approval_mail_template" model="mail.template">
            <field name="name">Md Approval Mail Template</field>
            <field name="email_from">${object.company_id.email}}</field>
            <field name="email_to">${object.employee_id.mana_direct}</field>
            <field name="subject">${object.name}</field>
            <field name="lang">${object.name}</field>
            <field name="model_id" ref="model_hr_expense_sheet"/>
            <field name="auto_delete" eval="True"/>
            <field name="body_html">
                <![CDATA[
                Hello Sir, ${object.employee_id.mana_direct} <br/>
                Your employee
                ]]>
            </field>
        </record>
    </data>
</odoo>