<?xml version="1.0" encoding="utf-8"?>
<odoo>

    <record id="group_hr_imprest_request_user" model="res.groups">
        <field name="name">Imprest User</field>
        <field name="category_id" ref="base.module_category_human_resources_expenses"/>
        <field name="implied_ids" eval="[(4, ref('base.group_user'))]"/>
    </record>

    <record id="group_hr_imprest_request_cashier" model="res.groups">
        <field name="name">Imprest Cashier</field>
        <field name="category_id" ref="base.module_category_human_resources_expenses"/>
    </record>

    <record id="group_hr_imprest_request_approver" model="res.groups">
        <field name="name">Imprest Request Approver</field>
        <field name="category_id" ref="base.module_category_human_resources_expenses"/>
    </record>
</odoo>