id,name,model_id:id,group_id:id,perm_read,perm_write,perm_create,perm_unlink
access_job_costing,access.job.costing,my_second_module.model_job_costing,,1,1,1,1
access_job_order_lines,access.job.order.lines,my_second_module.model_job_order_lines,,1,1,1,1
access_job_cost,access.job.cost,my_second_module.model_job_cost,,1,1,1,1
access_material_cost,access.material.cost,my_second_module.model_material_cost,,1,1,1,1
access_labour_cost,access.labour.cost,my_second_module.model_labour_cost,,1,1,1,1
access_equipment_cost,access.equipment.cost,my_second_module.model_equipment_cost,,1,1,1,1
access_overhead_cost,access.overhead.cost,my_second_module.model_overhead_cost,,1,1,1,1
access_create_jobcost_wizard,access.create.jobcost.wizard,my_second_module.model_create_jobcost_wizard,,1,1,1,1
access_material_requisition,access.material.requisition,my_second_module.model_material_requisition,,1,1,1,1
access_requisition_lines,access.requisition.lines,my_second_module.model_requisition_lines,,1,1,1,1
access_imprest_handler,access.imprest.handler,my_second_module.model_imprest_handler,,1,1,1,1
access_imprest_lines,access.imprest.lines,my_second_module.model_imprest_lines,,1,1,1,1
access_cash_request,access.cash.request,my_second_module.model_cash_request,,1,1,1,1
access_request_lines,access.request.lines,my_second_module.model_request_lines,,1,1,1,1
access_spareparts_lines,access.spareparts.lines,my_second_module.model_spareparts_lines,,1,1,1,1
access_otherexpenses_lines,access.otherexpenses.lines,my_second_module.model_otherexpenses_lines,,1,1,1,1



